{"cameraMode":{"drawMode":0,"name":"Shaded","section":"Shading Mode"},"sceneLighting":false,"audioPlay":false,"sceneViewState":{"showFog":true,"showMaterialUpdate":false,"showSkybox":true,"showFlares":true,"showImageEffects":true,"showParticleSystems":true},"in2DMode":false,"pivot":{"x":1.0759557485580445,"y":-0.04645485803484917,"z":-2.4155569076538088},"rotation":{"x":0.023611346259713174,"y":0.9758642911911011,"z":-0.16884897649288178,"w":0.1364605575799942},"size":7.5447845458984379,"orthographic":false}