{"cameraMode":{"drawMode":0,"name":"Shaded","section":"Shading Mode"},"sceneLighting":false,"audioPlay":false,"sceneViewState":{"showFog":true,"showMaterialUpdate":false,"showSkybox":true,"showFlares":true,"showImageEffects":true,"showParticleSystems":true},"in2DMode":false,"pivot":{"x":1.2654459476470948,"y":0.66667240858078,"z":-1.9463316202163697},"rotation":{"x":0.028999537229537965,"y":0.9701565504074097,"z":-0.14843840897083283,"w":0.18952926993370057},"size":7.5447845458984379,"orthographic":false}