{"cameraMode":{"drawMode":0,"name":"Shaded","section":"Shading Mode"},"sceneLighting":false,"audioPlay":false,"sceneViewState":{"showFog":true,"showMaterialUpdate":false,"showSkybox":true,"showFlares":true,"showImageEffects":true,"showParticleSystems":true},"in2DMode":false,"pivot":{"x":25.643138885498048,"y":-33.73939514160156,"z":1.5980777740478516},"rotation":{"x":0.32459163665771487,"y":0.6395007967948914,"z":-0.3417775630950928,"w":0.607344388961792},"size":22.0,"orthographic":false}