{"cameraMode":{"drawMode":0,"name":"Shaded","section":"Shading Mode"},"sceneLighting":false,"audioPlay":false,"sceneViewState":{"showFog":true,"showMaterialUpdate":false,"showSkybox":true,"showFlares":true,"showImageEffects":true,"showParticleSystems":true},"in2DMode":false,"pivot":{"x":0.011685401201248169,"y":0.8024322986602783,"z":0.21569733321666718},"rotation":{"x":0.32459163665771487,"y":0.6395007967948914,"z":-0.3417775630950928,"w":0.607344388961792},"size":4.378327369689941,"orthographic":false}