{"cameraMode":{"drawMode":0,"name":"Shaded","section":"Shading Mode"},"sceneLighting":false,"audioPlay":false,"sceneViewState":{"showFog":true,"showMaterialUpdate":false,"showSkybox":true,"showFlares":true,"showImageEffects":true,"showParticleSystems":true},"in2DMode":false,"pivot":{"x":-2.1423444747924806,"y":2.9359636306762697,"z":-2.2339584827423097},"rotation":{"x":0.33224567770957949,"y":0.24471960961818696,"z":-0.08969578891992569,"w":0.9064655303955078},"size":2.2863070964813234,"orthographic":false}