{"cameraMode":{"drawMode":0,"name":"Shaded","section":"Shading Mode"},"sceneLighting":false,"audioPlay":false,"sceneViewState":{"showFog":true,"showMaterialUpdate":false,"showSkybox":true,"showFlares":true,"showImageEffects":true,"showParticleSystems":true},"in2DMode":false,"pivot":{"x":2.184217929840088,"y":-0.9928696155548096,"z":0.10148870944976807},"rotation":{"x":0.21064640581607819,"y":0.7395927906036377,"z":-0.2685670554637909,"w":0.580088198184967},"size":7.5447845458984379,"orthographic":false}