{"cameraMode":{"drawMode":0,"name":"Shaded","section":"Shading Mode"},"sceneLighting":false,"audioPlay":false,"sceneViewState":{"showFog":true,"showMaterialUpdate":false,"showSkybox":true,"showFlares":true,"showImageEffects":true,"showParticleSystems":true},"in2DMode":false,"pivot":{"x":10.127367973327637,"y":11.360366821289063,"z":-11.518325805664063},"rotation":{"x":-0.1436595916748047,"y":0.8539440631866455,"z":-0.3173607289791107,"w":-0.3865535259246826},"size":4.041658401489258,"orthographic":false}