{"cameraMode":{"drawMode":0,"name":"Shaded","section":"Shading Mode"},"sceneLighting":false,"audioPlay":false,"sceneViewState":{"showFog":true,"showMaterialUpdate":false,"showSkybox":true,"showFlares":true,"showImageEffects":true,"showParticleSystems":true},"in2DMode":false,"pivot":{"x":0.0018231868743896485,"y":0.9653356075286865,"z":1.3629119396209717},"rotation":{"x":0.2368074655532837,"y":0.3066115379333496,"z":-0.07904969155788422,"w":0.918511152267456},"size":2.8578836917877199,"orthographic":false}