{"cameraMode":{"drawMode":0,"name":"Shaded","section":"Shading Mode"},"sceneLighting":false,"audioPlay":false,"sceneViewState":{"showFog":true,"showMaterialUpdate":false,"showSkybox":true,"showFlares":true,"showImageEffects":true,"showParticleSystems":true},"in2DMode":false,"pivot":{"x":0.043383896350860599,"y":0.728954553604126,"z":0.23240283131599427},"rotation":{"x":-0.004005826078355312,"y":-0.9906125068664551,"z":0.13336452841758729,"w":-0.029746038839221},"size":3.9122567176818849,"orthographic":false}