{"cameraMode":{"drawMode":0,"name":"Shaded","section":"Shading Mode"},"sceneLighting":true,"audioPlay":false,"sceneViewState":{"showFog":true,"showMaterialUpdate":false,"showSkybox":true,"showFlares":true,"showImageEffects":true,"showParticleSystems":true},"in2DMode":false,"pivot":{"x":-5.272084712982178,"y":15.706157684326172,"z":16.784887313842775},"rotation":{"x":-0.28680700063705447,"y":-0.6804777979850769,"z":0.3327750563621521,"w":-0.5864747166633606},"size":12.176614761352539,"orthographic":false}