{"cameraMode":{"drawMode":0,"name":"Shaded","section":"Shading Mode"},"sceneLighting":false,"audioPlay":false,"sceneViewState":{"showFog":true,"showMaterialUpdate":false,"showSkybox":true,"showFlares":true,"showImageEffects":true,"showParticleSystems":true},"in2DMode":false,"pivot":{"x":0.19106531143188477,"y":0.7132793068885803,"z":0.601058304309845},"rotation":{"x":-0.22118131816387177,"y":-0.563256561756134,"z":0.15973250567913056,"w":-0.7799400687217712},"size":7.688525676727295,"orthographic":false}