{"cameraMode":{"drawMode":0,"name":"Shaded","section":"Shading Mode"},"sceneLighting":false,"audioPlay":false,"sceneViewState":{"showFog":true,"showMaterialUpdate":false,"showSkybox":true,"showFlares":true,"showImageEffects":true,"showParticleSystems":true},"in2DMode":false,"pivot":{"x":0.19106531143188477,"y":0.7782793045043945,"z":0.601058304309845},"rotation":{"x":-0.01872333697974682,"y":0.9574435949325562,"z":-0.2808508574962616,"w":-0.06382832676172257},"size":7.579036235809326,"orthographic":false}