{"cameraMode":{"drawMode":0,"name":"Shaded","section":"Shading Mode"},"sceneLighting":false,"audioPlay":false,"sceneViewState":{"showFog":true,"showMaterialUpdate":false,"showSkybox":true,"showFlares":true,"showImageEffects":true,"showParticleSystems":true},"in2DMode":false,"pivot":{"x":-0.7451971769332886,"y":0.728887677192688,"z":0.24714627861976624},"rotation":{"x":-0.004005826078355312,"y":-0.9906125068664551,"z":0.13336452841758729,"w":-0.029746038839221},"size":4.5263166427612309,"orthographic":false}