{"cameraMode":{"drawMode":0,"name":"Shaded","section":"Shading Mode"},"sceneLighting":false,"audioPlay":false,"sceneViewState":{"showFog":true,"showMaterialUpdate":false,"showSkybox":true,"showFlares":true,"showImageEffects":true,"showParticleSystems":true},"in2DMode":false,"pivot":{"x":7.115319728851318,"y":2.37916898727417,"z":-3.9440178871154787},"rotation":{"x":0.06362253427505493,"y":0.7851677536964417,"z":-0.08181963860988617,"w":0.6105484366416931},"size":7.587299346923828,"orthographic":false}