{"cameraMode":{"drawMode":0,"name":"Shaded","section":"Shading Mode"},"sceneLighting":false,"audioPlay":false,"sceneViewState":{"showFog":true,"showMaterialUpdate":false,"showSkybox":true,"showFlares":true,"showImageEffects":true,"showParticleSystems":true},"in2DMode":false,"pivot":{"x":9.470876693725586,"y":11.961432456970215,"z":-7.6437907218933109},"rotation":{"x":-0.22861537337303163,"y":0.467195063829422,"z":-0.126448392868042,"w":-0.8446742296218872},"size":4.041658401489258,"orthographic":false}