{"cameraMode":{"drawMode":0,"name":"Shaded","section":"Shading Mode"},"sceneLighting":false,"audioPlay":false,"sceneViewState":{"showFog":true,"showMaterialUpdate":false,"showSkybox":true,"showFlares":true,"showImageEffects":true,"showParticleSystems":true},"in2DMode":false,"pivot":{"x":-0.5582672357559204,"y":0.2229861319065094,"z":5.308199882507324},"rotation":{"x":0.38641858100891116,"y":0.4890981912612915,"z":-0.2557636499404907,"w":0.7389510273933411},"size":22.0,"orthographic":false}