{"cameraMode":{"drawMode":0,"name":"Shaded","section":"Shading Mode"},"sceneLighting":false,"audioPlay":false,"sceneViewState":{"showFog":true,"showMaterialUpdate":false,"showSkybox":true,"showFlares":true,"showImageEffects":true,"showParticleSystems":true},"in2DMode":false,"pivot":{"x":3.07218861579895,"y":2.5868701934814455,"z":-2.247112274169922},"rotation":{"x":-0.013214638456702233,"y":0.9560032486915588,"z":-0.28979790210723879,"w":-0.04359225556254387},"size":8.148640632629395,"orthographic":false}