{"cameraMode":{"drawMode":0,"name":"Shaded","section":"Shading Mode"},"sceneLighting":false,"audioPlay":false,"sceneViewState":{"showFog":true,"showMaterialUpdate":false,"showSkybox":true,"showFlares":true,"showImageEffects":true,"showParticleSystems":true},"in2DMode":false,"pivot":{"x":-1.1920928955078126e-7,"y":1.003999948501587,"z":0.0},"rotation":{"x":0.05431779474020004,"y":0.9441753625869751,"z":-0.25555479526519778,"w":0.20068463683128358},"size":4.397181510925293,"orthographic":false}