{"cameraMode":{"drawMode":0,"name":"Shaded","section":"Shading Mode"},"sceneLighting":false,"audioPlay":false,"sceneViewState":{"showFog":true,"showMaterialUpdate":false,"showSkybox":true,"showFlares":true,"showImageEffects":true,"showParticleSystems":true},"in2DMode":false,"pivot":{"x":2.5876288414001467,"y":2.246305465698242,"z":-2.895951747894287},"rotation":{"x":0.32459163665771487,"y":0.6395007967948914,"z":-0.3417775630950928,"w":0.607344388961792},"size":4.041658401489258,"orthographic":false}