{"cameraMode":{"drawMode":0,"name":"Shaded","section":"Shading Mode"},"sceneLighting":false,"audioPlay":false,"sceneViewState":{"showFog":true,"showMaterialUpdate":false,"showSkybox":true,"showFlares":true,"showImageEffects":true,"showParticleSystems":true},"in2DMode":false,"pivot":{"x":-1.9207429885864258,"y":1.1307671070098878,"z":2.125200033187866},"rotation":{"x":-0.20800842344760896,"y":-0.3704102039337158,"z":0.08549237251281738,"w":-0.9012324213981628},"size":7.5447845458984379,"orthographic":false}