{"cameraMode":{"drawMode":0,"name":"Shaded","section":"Shading Mode"},"sceneLighting":false,"audioPlay":false,"sceneViewState":{"showFog":true,"showMaterialUpdate":false,"showSkybox":true,"showFlares":true,"showImageEffects":true,"showParticleSystems":true},"in2DMode":false,"pivot":{"x":-3.5762786865234377e-7,"y":0.7267095446586609,"z":0.08676418662071228},"rotation":{"x":-0.004005826078355312,"y":-0.9906125068664551,"z":0.13336452841758729,"w":-0.029746038839221},"size":3.813910961151123,"orthographic":false}