{"cameraMode":{"drawMode":0,"name":"Shaded","section":"Shading Mode"},"sceneLighting":false,"audioPlay":false,"sceneViewState":{"showFog":true,"showMaterialUpdate":false,"showSkybox":true,"showFlares":true,"showImageEffects":true,"showParticleSystems":true},"in2DMode":false,"pivot":{"x":0.22959089279174806,"y":0.5384864807128906,"z":-0.9000686407089233},"rotation":{"x":0.19539090991020204,"y":0.7607418894767761,"z":-0.26595839858055117,"w":0.5588921308517456},"size":3.3903567790985109,"orthographic":false}